,Child mortality,Nutrition,School attendance,Schooling,Drinking water,Sanitation,Housing,Cooking fuel,Assets
Child mortality,0.0,0.0004519971540543979,0.0009742659097931232,0.0007490848426492298,0.0013258654977545985,0.0,0.00034064868738174433,0.0034534957296323116,0.0
Nutrition,0.010885506124098322,0.0,0.08322150433713658,0.0932751430850145,0.053008063298056476,0.050392315273078477,0.0760558201393243,0.0771008680860368,0.06879802950573675
School attendance,0.010885506124098322,0.038609462507518996,0.0,0.0658171375997038,0.018996142209083838,0.05281857779487229,0.04004159348234137,0.03577799862296559,0.035934217522851815
Schooling,0.010885506124098322,0.05628214164544964,0.08560231070325013,0.0,0.03309600470130741,0.05643889116892146,0.03730603597966207,0.03464911779353853,0.296387786053425
Drinking water,0.11353051161710222,0.188469959236836,0.14558191165395354,0.1950163744289178,0.0,0.34655481605463706,0.09722685434060946,0.07527394034504972,0.23385962602295265
Sanitation,0.0,0.03749661511486984,0.08471420934936315,0.06959876517063289,0.0725269629102748,0.0,0.045298533648540314,0.049531084386232264,0.10228275726366848
Housing,0.010885506124098322,0.10091632677780876,0.11452021084679027,0.08203579560655976,0.03628398810796982,0.08077656328708582,0.0,0.14742983991318578,0.31428300879520626
Cooking fuel,0.3501217469253778,0.3245686021443997,0.32464228500362724,0.2417323242504987,0.08912338811685827,0.2802188335002072,0.46773907309442353,0.0,0.5780855282950016
Assets,0.0,0.005865774422354118,0.00660388279213481,0.041879835755540856,0.005607953570728473,0.01171990340889694,0.020194880131131375,0.01170831014871746,0.0
