,Child mortality,Nutrition,School attendance,Schooling,Drinking water,Sanitation,Housing,Cooking fuel,Assets
Child mortality,0.0,0.04634148487940656,0.003315367807127137,0.01641568460023951,0.006228806018557967,0.03843616630927699,0.033266784034028545,0.0,0.0
Nutrition,0.088439254949745,0.0,0.012373070135210487,0.0030099907192883343,0.020067058306763915,0.022084769299769328,0.0643116654148459,0.0,0.003721622972319329
School attendance,0.007585053046391126,0.014833008689653066,0.0,0.11248621969562012,0.1205656305368984,0.058760669395129694,0.04951094252336081,0.3612258741368057,0.09870144070311729
Schooling,0.018751239626650422,0.0018016109435619802,0.05616210795565353,0.0,0.08426047161701669,0.05234451148923429,0.1016993140591925,0.16760390142504183,0.3524129811451832
Drinking water,0.005194330274514262,0.008768662140866922,0.043946204227892145,0.06151452222644666,0.0,0.021725091982711147,0.11168719003336286,0.14151862565069642,0.18046163824481548
Sanitation,0.05535132050949925,0.016665013102949593,0.03698688445990486,0.0659915134986006,0.03751671396056812,0.0,0.0467378485974234,0.16438246892048108,0.2417506590709546
Housing,0.030821391601552395,0.031221664386852015,0.020050061647082465,0.08248756124527325,0.12408521427963207,0.03006922395161458,0.0,0.5089041806694277,0.23932440958070708
Cooking fuel,0.0,0.0,0.0051370307539702125,0.004773900473583286,0.005521398201537715,0.0037138794091477797,0.017871245273781904,0.0,0.053166461647864045
Assets,0.0,0.00028010013306607756,0.006196588501378942,0.044313594974225115,0.031082519343490947,0.024112143273622974,0.0371023691993257,0.23471108863819007,0.0
