,Child mortality,School attendance,Schooling,Electricity,Drinking water,Sanitation,Housing,Cooking fuel,Assets
Child mortality,0.0,0.0,0.0,0.0,0.0,0.003997011768022964,0.0004167171862971496,0.005887785103219721,0.0
School attendance,0.0,0.0,0.04234594639567481,0.0,0.0,0.004830907200358067,0.0,0.0022193848635243003,0.0
Schooling,0.0,0.23946574659309688,0.0,0.05541419932577967,0.01909397644956281,0.03185059397455884,0.026670515677272195,0.04662137193813294,0.3238768927817152
Electricity,0.0,0.0,0.0035972124534979794,0.0,0.006888636858131158,0.005273209525835083,0.005823320398513288,0.008304573701740665,0.17566632963455783
Drinking water,0.0,0.0,0.02613146225198485,0.14522975182190914,0.0,0.038360024449613735,0.06504459936236932,0.029600956296424084,0.12156728127483732
Sanitation,0.06107402900295312,0.05258363453135813,0.06130669225454526,0.15635808804384263,0.05395129759048864,0.0,0.03034666714184387,0.03467600469564384,0.0959951883314492
Housing,0.01078692657087767,0.0,0.08696748844820017,0.2925170433914757,0.15497777747727262,0.051409829958277274,0.0,0.04036551205092375,0.18792900364093337
Cooking fuel,0.1958254664432878,0.05258363453135813,0.1953311350186409,0.5359925363285127,0.0906201623761945,0.07547882456845534,0.05186464086054192,0.0,0.42800902963103316
Assets,0.0,0.0,0.07864138879075933,0.6570746492499848,0.021568531882922664,0.012109614734409904,0.013993923850422633,0.024804913535569104,0.0
